Name|Default|Cheat|Description
lb_allow_shadow_rotation|true|Yes|SceneSystem/LightBinner/Shadow Rotation
lb_allow_time_sliced_shadow_map_rendering|true|No|Allow time-sliced shadow buffer rendering when enabled via gameinfo.gi
lb_barnlight_shadow_use_precomputed_vis|true|No|
lb_barnlight_shadowmap_scale|0.5|No|Scale for computed barnlight shadowmap size
lb_bin_slices|8192|No|
lb_convert_to_barn_lights_falloff_match_point|0.15|No|
lb_csm_cascade_size_override|1|No|Override width/height of individual cascades in the CSM
lb_csm_cross_fade_override|-1|No|Override CSM cross fade amount
lb_csm_distance_fade_override|-1|No|Override CSM distance fade
lb_csm_draw_alpha_tested|false|No|
lb_csm_draw_translucent|false|No|
lb_csm_fov_override|-1|Yes|
lb_csm_override_bulb_radius|-1|No|Override bulb radius for CSM
lb_csm_override_staticgeo_cascades_animated_verts|true|No|If lb_csm_override_staticgeo_cascades, ensure only objects without animated verts, i.e. SCENEOBJECTFLAG_CAN_RENDER_INTO_SST flag will be excluded (as opposed to all static objects).
lb_csm_override_staticgeo_cascades_value|0|No|If lb_csm_override_staticgeo_cascades, override value used to determine which cascades render static objects
lb_csm_override_staticgeo_cascades|false|No|Override Cascades that will render static objects with lb_csm_override_staticgeo_cascades_value
lb_csm_receiver_plane_depth_bias_transmissive_backface|0.0002|No|Depth bias applied to shadow receiver for transmissive backface geo (based on renderstate depthbias being 0)
lb_csm_receiver_plane_depth_bias|2e-05|No|Shader depth bias applied to shadow receiver (Note this conflicts with renderstate depth bias, both now default to 0)
lb_cubemap_normalization_max|32|No|
lb_cubemap_normalization_roughness_begin|0.1|No|
lb_debug_light_bounds|false|Yes|SceneSystem/LightBinner/Debug Light Bounds
lb_debug_shadow_atlas|false|Yes|SceneSystem/LightBinner/Debug Shadow Atlas
lb_debug_shadowtile_atlas|false|Yes|SceneSystem/LightBinner/Debug ShadowTile Atlas
lb_debug_silhouette_sum|1|Yes|If we should draw normal silhouette or minkowski sum silhouette
lb_debug_silhouette||Yes|SceneSystem/LightBinner/Debug Silhouettes
lb_debug_tiles||Yes|SceneSystem/LightBinner/Debug Tiles
lb_debug_visualize_fog_shadowed_lights|0|Yes|SceneSystem/LightBinner/Debug Visualize Fog Shadowed Lights
lb_debug_visualize_lights|0|Yes|SceneSystem/LightBinner/Debug Visualize Lights
lb_debug_visualize_shadowed_light_details|false|Yes|
lb_debug_visualize_shadowed_lights|0|Yes|SceneSystem/LightBinner/Debug Visualize Shadowed Lights
lb_dynamic_shadow_penumbra|true|No|Adjust shadow penumbra based on light size
lb_dynamic_shadow_resolution_base_cmp_shadowmapsize|false|Yes|take min of lb_dynamic_shadow_resolution and barnlight shadowmapsize as base shadowmapsize
lb_dynamic_shadow_resolution_base|256|No|Base resolution for dynamic shadowmap sizing.  Shadowmap size of a screen sized light
lb_dynamic_shadow_resolution_delay|0.85|No|Update delay for shadow size
lb_dynamic_shadow_resolution_hysteresis|0.33|No|Update hysteresis for shadow size
lb_dynamic_shadow_resolution_quantization|64|No|Quantization of dynamically computed shadow size
lb_dynamic_shadow_resolution|true|No|Dynamically adjust shadow resolution
lb_enable_baked_shadows|true|Yes|SceneSystem/LightBinner/Enable Baked Shadows
lb_enable_binning|true|No|SceneSystem/LightBinner/Enable Binning
lb_enable_dynamic_lights|false|Yes|Allows rendering dynamic lights
lb_enable_envmaps|true|Yes|SceneSystem/LightBinner/Enable EnvMaps
lb_enable_fog_mixed_shadows|false|Yes|SceneSystem/LightBinner/Enable Fog Mixed Shadows
lb_enable_lights|false|Yes|SceneSystem/LightBinner/Enable Lights
lb_enable_newsum|true|Yes|SceneSystem/LightBinner/Enable New Sum
lb_enable_shadow_casting|false|No|Allow stationary/dynamic lights to cast shadows.
lb_enable_stationary_lights|true|Yes|Allows rendering stationary/mixed lights
lb_enable_sunlight|true|Yes|SceneSystem/LightBinner/Enable Sunlight
lb_low_quality_shader_fade_region_rescale|0|Yes|For envmaps in low quality shader mode, how much of the fade region to scale the envmap box by.
lb_max_visible_barn_lights_override|0|Yes|Override maximum visible barn lights
lb_max_visible_envmaps_override|-1|Yes|Override maximum visible envmaps
lb_mixed_shadows|true|Yes|SceneSystem/LightBinner/Enable Mixed Shadows
lb_override_barn_light_fade_sizes_enable|false|Yes|
lb_override_barn_light_fade_sizes|0.05 0.025|Yes|
lb_override_barn_light_shadow_fade_sizes|0.1 0.05|Yes|
lb_precomputed_shadowmap_depth_bias|0.0001|No|
lb_precomputed_shadowmap_enable|true|No|
lb_shadow_map_cull_empty_mixed|false|Yes|Don't render shadows for mixed shadowmaps with no dynamics objects in view
lb_shadow_map_culling|true|Yes|
lb_shadow_texture_height_override|-1|No|Override height of shadow atlas texture
lb_shadow_texture_width_override|-1|No|Override width of shadow atlas texture
lb_ssss_importance_sample|false|No|
lb_ssss_samples|0|No|Subsurface sample count
lb_sun_csm_size_cull_threshold_texels|30|No|Size, in texels, where we will cull an object in the shadowmap
lb_tile_pixels|8|No|
lb_timesliced_shadows_dynamic_size|true|No|
lb_use_ellipsoid_bounds|true|Yes|
lb_use_illumination_silhouette|true|Yes|SceneSystem/LightBinner/Use Illumination Bounds
r_Citadel_default_post_process_fade_ui|1|No|
r_arealights|true|No|
r_bloom_tent_filter_radius|0|Yes|bloom mip up-sample filtering radius (using 3x3 tent filter, radius in mip level texels), 0.0 radius =&gt; box (2x2) filter with (fixed) 1.0 radius
r_citadel_allow_particle_only_portraits|true|No|
r_citadel_antialiasing|1|No|
r_citadel_clip_sphere_cone_angle|40|Yes|
r_citadel_clip_sphere_distance_max|75|Yes|
r_citadel_clip_sphere_dist|0.45|Yes|
r_citadel_clip_sphere_min_opacity|0.4|Yes|
r_citadel_clip_sphere_skin|0.4|Yes|
r_citadel_cloak_blur_amount|0.01|Yes|cloak
r_citadel_cloak_blur_factor_max_roughness|1|Yes|cloak
r_citadel_cloak_blur_factor_min_roughness|1|Yes|cloak
r_citadel_cloak_blur_noise_amount|0.5|Yes|cloak
r_citadel_cloak_color_tint|230 230 230 255|Yes|cloak
r_citadel_cloak_fresnel_effect|0|Yes|cloak
r_citadel_cloak_intensity|1|Yes|cloak
r_citadel_cloak_refract_amount|0|Yes|cloak
r_citadel_cosmic_veil_fade_dist|32|Yes|cosmic veil
r_citadel_depth_prepass_cull_threshold|60|No|
r_citadel_depth_prepass_dynamic_objects|true|No|
r_citadel_depthoffield_aperture_diameter|0|No|Depth of field aperture diameter in inches
r_citadel_depthoffield_debug|false|No|Enable depth of field debug drawing
r_citadel_depthoffield_enable|false|No|Enable/Disable Depth of Field
r_citadel_depthoffield_focus_distance|200|No|Depth of field focus distance in inches
r_citadel_depthoffield_mode|0|No|Depth of field mode, 0: Normal 1: Near field only 2: Far field only
r_citadel_depthoffield_sensor_size|1|No|Depth of field sensor size in inches
r_citadel_disable_npr_lighting|false|No|
r_citadel_distancefield_ao_quality|0|No|Distance Field AO quality
r_citadel_distancefield_blur_depth_threshold|1|No|Distance field blur depth threshold
r_citadel_distancefield_blur|true|No|Enable/Disable distance field blur
r_citadel_distancefield_down_sample|1|No|Distance field down sample factor
r_citadel_distancefield_farfield_enable|true|No|Distance field far field enable
r_citadel_distancefield_farfield_occlusion_length|192|No|Distance field far field occlusion length
r_citadel_distancefield_farfield_occlusion_start_offset|16|No|Distance field far field occlusion start offset
r_citadel_distancefield_farfield_resolution|192|No|Distance field far field resolution
r_citadel_distancefield_farfield_size|2048|No|Distance field far field size
r_citadel_distancefield_max_distance|2048|No|Maximum distance before culling
r_citadel_distancefield_min_screen_space_size|0.015|No|Minimum screen space size before culling
r_citadel_distancefield_occlusion_length|48|No|Distance field occlusion length
r_citadel_distancefield_ray_origin_bias_max|3|No|Distance field ray origin bias max
r_citadel_distancefield_ray_origin_bias_min|0.25|No|Distance field ray origin bias min
r_citadel_distancefield_shadows|true|No|
r_citadel_dlss_settings_mode|0|No|
r_citadel_enable_pano_world_blur|true|No|Enable world-blur style
r_citadel_fog_quality|1|No|Fog Quality
r_citadel_fsr2_sharpness|0.5|No|
r_citadel_fsr3_min_reactiveness|0.1|No|minimum reactiveness for the FSR3 shader
r_citadel_fsr_enable_mip_bias|true|No|Apply negative mip bias when rendering with FSR.
r_citadel_fsr_rcas_sharpness|0.25|No|RCAS sharpness when using FSR + RCAS upsample.
r_citadel_glow_health_bar_debug|false|Yes|
r_citadel_glow_health_bars|true|No|
r_citadel_gpu_culling_shadows|true|No|Citadel/Graphics/GPU Cull Shadow Views
r_citadel_gpu_culling_two_pass|true|No|Citadel/Graphics/GPU Culling (Two Pass)
r_citadel_gpu_culling|true|No|Citadel/Graphics/GPU Culling
r_citadel_gpu_debug_draw|false|No|
r_citadel_gpu_preview_baked_shadows|true|No|
r_citadel_gpu_preview_denoise_depth_phi|20|No|
r_citadel_gpu_preview_denoise_normal_phi|96|No|
r_citadel_gpu_preview_denoise_passes|3|No|
r_citadel_gpu_preview_denoise_shadow_passes|1|No|
r_citadel_gpu_preview_denoise_signal_phi|1|No|
r_citadel_gpu_preview_denoise|true|No|
r_citadel_highlight_particle_only_portraits|false|No|
r_citadel_mboit_bias|5e-06|Yes|
r_citadel_mboit_enabled|false|No|enable moments oit
r_citadel_mboit_overestimation|0.25|Yes|
r_citadel_mboit_quality|0|No|MBOIT quality, 0: 4 Moments
r_citadel_npr_force_solid_outline|false|No|
r_citadel_npr_outlines_max_dist|600|Yes|Maximum distance at which NPR outlines are rendered
r_citadel_npr_outlines|true|Yes|Enable/Disable NPR Outlines
r_citadel_portrait_allow_particle_only|true|No|
r_citadel_portrait_highlight_particle_only|false|No|
r_citadel_render_game|true|Yes|Should you render the main game world
r_citadel_screenspace_particles_full_res|false|No|Render screen space particles at full resolution
r_citadel_see_thru_walls_opacity|0.3|Yes|Opacity scale for see-thru UI
r_citadel_selection_outline2_alpha|0.8|No|Selection Outline Alpha
r_citadel_selection_outline2_fade_pow|1.5|No|Selection Outline Fade Pow
r_citadel_selection_outline2_offset|0.3|No|Selection Outline Offset: -1 for interior, 0 for centered, 1 for exterior.
r_citadel_selection_outline2_width|4|No|Selection Outline Width
r_citadel_shadow_caching_stats|N/A|No|Print information about shadow caching
r_citadel_shadow_caching|true|No|
r_citadel_shadow_quality|1|No|Shadow Quality
r_citadel_shadowdb|2048|No|
r_citadel_ssao_quality|0|No|
r_citadel_ssao_thin_occluder_compensation|0|No|
r_citadel_sun_shadow_slope_scale_depth_bias|1|No|
r_citadel_upscaling|4|No|
r_depth_of_field|true|No|
r_distancefield_enable|true|No|Graphics/Enable Distance Field rendering
r_effects_bloom|true|No|
r_frame_sync_enable|false|No|
r_indirectlighting|true|Yes|Set to use indirect lighting
r_low_latency_trigger_flash|true|No|NVIDIA Low Latency Trigger Flash
r_low_latency|1|No|NVIDIA Low Latency/AMD Anti-Lag 2 (0 = off, 1 = on, 2 = NV-only, on + boost)
r_postprocess_enable|true|No|
r_shadows|false|Yes|
r_shadowtile_waveops|false|No|
r_ssao_bias|0.5|No|
r_ssao_blur|true|No|
r_ssao_radius|30|No|
r_ssao_strength|1.2|No|
r_ssao|false|No|Set to use screen-space ambient occlusion
sc_aggregate_bvh_threshold|128|No|
sc_aggregate_bvh|true|No|
sc_aggregate_debug_draw_meshlets_bounds|false|No|Visualize meshlet bounds and cone axis. Mesh shader only.
sc_aggregate_debug_draw_meshlets|0|No|SceneSystem/Aggregates/Visualize Meshlets
sc_aggregate_debug_visualizer|false|Yes|SceneSystem/Aggregates/Debug Visualizer
sc_aggregate_fragment_merging|true|No|
sc_aggregate_gpu_culling_conservative_bounds|false|No|
sc_aggregate_gpu_culling_show_culled|false|No|SceneSystem/Aggregates/Show GPU Culled Meshes
sc_aggregate_gpu_culling|true|No|Toggles GPU culling of aggregate meshes
sc_aggregate_gpu_occlusion_culling|true|No|
sc_aggregate_gpu_vis_culling|true|No|
sc_aggregate_indirect_draw_compaction_threshold|8|No|Threshold of indirect draws when we will do compaction
sc_aggregate_indirect_draw_compaction|true|No|Use multidrawindirect...count if the driver/hardware supports it
sc_aggregate_instance_streams|true|No|Enable instance streams
sc_aggregate_material_solo||Yes|
sc_aggregate_render_mesh_shader|true|No|Using mesh shaders if available instead of drawcalls
sc_aggregate_rtproxy_debug_visualizer|false|Yes|SceneSystem/Aggregates/RT Proxy Debug Visualizer
sc_aggregate_rtproxy_instanced_geo|true|Yes|
sc_aggregate_rtproxy_unique_geo|true|Yes|
sc_aggregate_show_outside_vis|false|No|
sc_allow_dithered_lod|true|No|Allow use of dithered lod transitions
sc_allow_dynamic_constant_batching|true|No|
sc_allow_precomputed_vismembers|true|No|
sc_allow_write_depth_before_blend|true|No|
sc_barnlight_enable_precomputed_vis|true|No|Enable use of precomputed vis membership for lights (requires map restart)
sc_batch_layer_cb_updates|true|No|
sc_cache_envmap_lpv_lookup|true|No|
sc_clutter_density_full_size|0.0075|No|Screen-size where clutter will be full density
sc_clutter_density_none_size|0.0035|No|Screen-size where clutter will be gone
sc_clutter_desity_override|false|No|
sc_clutter_enable|true|No|SceneSystem/Clutter/Draw Clutter
sc_disableThreading|false|Yes|
sc_disable_baked_lighting|false|No|
sc_disable_culling_boxes|false|Yes|
sc_disable_procedural_layer_rendering|false|Yes|
sc_disable_shadow_fastpath|false|Yes|
sc_disable_spotlight_shadows|true|Yes|
sc_disable_world_materials|false|Yes|
sc_dithered_lod_transition_amt|0.075|No|Percentage of the transition between two lods we will apply a dither
sc_draw_aggregate_meshes|true|No|SceneSystem/Aggregates/Draw Aggregates
sc_dump_lists||Yes|
sc_dumpworld3d|N/A|Yes|Dump the objects in a sceneworld into a 3d geoview buffer (Usage: sc_dumpworld3d &lt;world_index&gt;)
sc_dumpworld|N/A|Yes|Dump a list of the objects in a sceneworld (Usage: sc_dumpworld &lt;world_index&gt;)
sc_enable_discard|true|No|
sc_extended_stats|false|Yes|
sc_fade_distance_scale_override|180|Yes|
sc_force_lod_level|-1|Yes|
sc_force_materials_batchable|false|Yes|
sc_force_single_display_list_per_layer|false|No|
sc_force_translation_in_projection|false|Yes|If enabled, the camera's translation will be included in the projection matrix.
sc_hdr_enabled_override|0|No|Override default setting for HDR rendering. -1 default, 0 NoHdr, 1 Hdr, 2 Hdr 1010102 3 Hdr 111110
sc_imgui_show_debug_log|false|Yes|SceneSystem/Imgui/Show Debug Log
sc_imgui_show_id_stack|false|Yes|SceneSystem/Imgui/Show ID Stack Tool
sc_imgui_show_metrics|false|Yes|SceneSystem/Imgui/Show Metrics
sc_instanced_debug_visualizer|false|Yes|SceneSystem/Instanced/Debug Visualizer
sc_instanced_gpu_culling_show_culled|false|No|SceneSystem/Instanced/Show GPU Culled Meshlets
sc_instanced_material_solo||Yes|
sc_instanced_mesh_enable|true|Yes|SceneSystem/Instanced/Draw Instanced
sc_instanced_mesh_gpu_culling|true|No|Toggles GPU culling of instanced meshes
sc_instanced_mesh_gpu_density_culling|true|No|Toggles density culling (if enabled)
sc_instanced_mesh_gpu_occlusion_culling|true|No|Toggles GPU occlusion of instanced meshes
sc_instanced_mesh_gpu_vis_culling|true|No|Toggles GPU vis of instanced meshes
sc_instanced_mesh_lod_bias_shadow|10|No|Bias for LOD selection of instanced meshes in shadowmaps
sc_instanced_mesh_lod_bias|10|No|Bias for LOD selection of instanced meshes
sc_instanced_mesh_mesh_shader|true|No|Toggles mesh shader rendering for instanced meshes
sc_instanced_mesh_motion_vectors|false|No|Toggles motion vector support for instanced meshes
sc_instanced_mesh_opaque_fade|true|No|Toggles fade support for instanced meshes
sc_instanced_mesh_size_cull_bias_shadow|10|No|Bias for size culling instanced meshes in shadowmaps
sc_instanced_mesh_size_cull_bias|10|No|Bias for size culling of instanced meshes
sc_instanced_mesh_solo||Yes|
sc_keep_all_layers|false|No|
sc_layer_batch_threshold_fullsort|80|No|
sc_layer_batch_threshold|128|No|
sc_list_extradata_allocations|N/A|No|Prints out the overall extra data allocation counts
sc_listworlds|N/A|Yes|List all the active sceneworlds
sc_max_framebuffer_copies_per_layer|1|No|
sc_mesh_backface_culling|true|No|
sc_no_cull|false|No|
sc_no_vis|false|No|
sc_only_render_opaque|false|Yes|
sc_only_render_shadowcasters|false|Yes|
sc_particle_debug_visualizer|false|Yes|SceneSystem/Particles/Debug Visualizer
sc_reject_all_objects|false|Yes|
sc_rendergraph_debug_visualizer|false|No|SceneSystem/RenderGraph Visualizer
sc_screen_size_lod_scale_override|-1|Yes|
sc_setclassflags|N/A|Yes|Low level command to set the flags byte associated with an object class. sc_SetClassFlags &lt;classname&gt; &lt;value&gt;<br>
sc_shadow_depth_bias_clamp|0|No|
sc_shadow_depth_bias_state_override|false|No|
sc_shadow_depth_bias|256|No|
sc_shadow_slopescale_depth_bias|2.13|No|
sc_show_cs_skinning_stats|false|Yes|SceneSystem/Compute Skinning Stats
sc_show_gpu_profiler|false|Yes|SceneSystem/GPU Profiler
sc_show_hair_debug_ui|false|Yes|SceneSystem/Hair Debug UI
sc_show_object_browser|false|Yes|SceneSystem/SceneObject Browser
sc_show_texture_visualizer|false|Yes|SceneSystem/Texture Visualizer
sc_show_view_profiler|false|Yes|SceneSystem/View Profiler
sc_showclasses|N/A|Yes|List the object class names known by scenesystem<br>
sc_skip_traversal|false|Yes|
sc_spew_cmt_usage|false|No|
sc_throw_away_all_layers|false|No|
sc_use_clear_subrect|false|No|
sc_view_profiler_frame_averaging|10|No|
sc_visualize_batches|0|No|color per batch
sc_visualize_sceneobjects|SCENEOBJECT_VIS_NONE|No|SceneSystem/Visualize SceneObject Mode
