name,values,default,flags,desc,sources,uncommented,count,default_same,bad_debug,example
sc_aggregate_render_mesh_shader,false,true,developmentonly,Using mesh shaders if available instead of drawcalls,"Sqooky,SqookyBase,TestCfg",4,4,False,False,"sc_aggregate_render_mesh_shader                 ""false"""
snd_soundmixer_version,1,2,developmentonly defensive,<no description>,"Kaizu,Sqooky,SqookyBase,TestCfg",3,4,False,False,"snd_soundmixer_version                      ""1""             // [def: ""2""]"
cl_phys_assume_fixed_tick_interval,false,true,developmentonly clientdll,"If true, we assume the client uses a fixed tickrate like the server (which may not always be true). If false, we recalculate the number of physics substeps in each client tick based on the actual elapsed time in the tick.","Sqooky,SqookyBase,TestCfg",3,3,False,False,"cl_phys_assume_fixed_tick_interval          ""false""         // Assume the client uses a fixed tickrate like the server (which may not always be true)actual [def: ""true""]"
parallel_perform_invalidate_physics,true,false,developmentonly gamedll clientdll replicated,<no description>,"Sqooky,SqookyBase,TestCfg",3,3,False,False,"parallel_perform_invalidate_physics         ""true""          // Not sure                                                         [def: ""false""]"
phys_batch_ray_test,16,0,developmentonly clientdll defensive,<no description>,"Sqooky,SqookyBase,TestCfg",3,3,False,False,"phys_batch_ray_test                             ""16"""
r_citadel_distancefield_max_distance,16,2048,developmentonly clientdll defensive,Maximum distance before culling,"Sqooky,SqookyBase,TestCfg",3,3,False,False,"r_citadel_distancefield_max_distance            ""16"""
r_citadel_distancefield_min_screen_space_size,99,0.015,developmentonly clientdll defensive,Minimum screen space size before culling,"Sqooky,SqookyBase,TestCfg",3,3,False,False,"r_citadel_distancefield_min_screen_space_size   ""99"""
r_particle_timescale,1.1,0,reference,<no description>,"Sqooky,SqookyBase,TestCfg",3,3,False,False,"r_particle_timescale                        ""1.1""           // Speeds up particle simulation, thus making them end sooner, however this causes visual desyncs, most notably with big effects that last a while such as infernus ult. Please tweak this to what you are comfortable with. [def: ""1""]"
sc_aggregate_gpu_culling_show_culled,true,false,developmentonly menubar_item,SceneSystem/Aggregates/Show GPU Culled Meshes,"Sqooky,SqookyBase,TestCfg",3,3,False,False,"sc_aggregate_gpu_culling_show_culled            ""true"""
snd_occlusion_rays,0,4,replicated cheat,<no description>,"Sqooky,SqookyBase,TestCfg",3,3,False,False,"snd_occlusion_rays                          ""0""             // Occlusion bounces, this effectively disables them.               [def: ""4""]"
ai_lod_auto_enabled,"1,true",false,developmentonly gamedll,<no description>,"Boot,Kaizu",1,2,False,False,"// ai_lod_auto_enabled                       ""1""             // Default 0, idk about this"
cl_skip_update_animations,"0,true",false,developmentonly clientdll,Enable to skip game animations,"Kaizu,TestCfg",1,2,False,False,"""cl_skip_update_animations"" ""0"" // Puts neutrals in the ground"
ai_think_interval_lod_med,0.4,0.25,"min: 0.01, developmentonly gamedll defensive",Time interval between NPC thinks when set to AI LOD medium.,Kaizu,1,1,False,False,"""ai_think_interval_lod_med"" ""0.4"""
citadel_camera_hard_trace_radius,32,16,developmentonly gamedll clientdll replicated,The radius of the cylinder to trace for hard camera occlusion.,TestCfg,1,1,False,False,citadel_camera_hard_trace_radius 32
citadel_camera_parrot_smoothing_rate,0,60,developmentonly clientdll defensive,"When the camera stops being clipped, smooth the motion back to the desired resting position.",Kaizu,1,1,False,False,"""citadel_camera_parrot_smoothing_rate"" ""0""   // Stops the camera from running math to ""smooth"" itself back into place after hitting a wall."
citadel_radial_distortion,1,0,developmentonly clientdll defensive,0: Off 1: Distorts the visible distribution of arcs based on the mouse pointer.,TestCfg,1,1,False,False,citadel_radial_distortion 1
citadel_show_chat_wheel_angle_threshold,0,16,developmentonly clientdll,(degrees) Increase this to change how much you have to move your camera angle to make the Chat Wheel instantly visible while holding Ping.,TestCfg,1,1,False,False,citadel_show_chat_wheel_angle_threshold 0
citadel_video_preset,0,3,"min: 0, max: 3, clientdll archive",Rendering performance level.,TestCfg,1,1,False,False,citadel_video_preset 0
cl_phys_animated_hierarchy,false,true,developmentonly clientdll defensive,<no description>,Kaizu,1,1,False,False,"""cl_phys_animated_hierarchy"" ""false"""
cloth_ground_plane_thickness,0,3,developmentonly defensive,Raise ground by this much for all cloth that traces the ground; should be 0 ideally,TestCfg,1,1,False,False,cloth_ground_plane_thickness 0
g_ragdoll_maxcount,1,5,developmentonly gamedll clientdll replicated defensive,<no description>,Kaizu,1,1,False,False,"""g_ragdoll_maxcount"" ""1"""
ik_enable,0,true,replicated cheat,Enable IK.,Kaizu,1,1,False,False,"""ik_enable"" ""0"""
lb_enable_newsum,0,true,developmentonly cheat menubar_item,SceneSystem/LightBinner/Enable New Sum,Kaizu,1,1,False,False,"""lb_enable_newsum"" ""0"""
lb_shadow_texture_height_override,16,-1,developmentonly defensive,Override height of shadow atlas texture,Kaizu,1,1,False,False,"""lb_shadow_texture_height_override"" ""16""         // Shrinks the global shadow atlas to 16 pixels"
lb_shadow_texture_width_override,16,-1,developmentonly defensive,Override width of shadow atlas texture,Kaizu,1,1,False,False,"""lb_shadow_texture_width_override"" ""16""          // Shrinks the global shadow atlas to 16 pixels"
mat_depthbias_shadowmap,0,0.0005,developmentonly clientdll defensive,<no description>,Kaizu,1,1,False,False,"""mat_depthbias_shadowmap"" ""0""                    // Disables shadow depth bias math"
mat_slopescaledepthbias_shadowmap,0,4,developmentonly clientdll defensive,<no description>,Kaizu,1,1,False,False,"""mat_slopescaledepthbias_shadowmap"" ""0""          // Disables shadow depth bias math"
panorama_clear_frames_on_device_restore,0,2,developmentonly hidden defensive,<no description>,Kaizu,1,1,False,False,"""panorama_clear_frames_on_device_restore"" ""0"""
panorama_disable_descendant_filtering,true,false,developmentonly hidden defensive,Disable descendant selector filtering,Kaizu,1,1,False,False,"""panorama_disable_descendant_filtering"" ""true"""
panorama_draw_text_fast_path,1,true,developmentonly hidden defensive,<no description>,Kaizu,1,1,False,False,"""panorama_draw_text_fast_path"" ""1""              // Forces text rendering through a hardware fast-path"
panorama_draw_text_fast_path_text_shadow,1,true,developmentonly hidden defensive,<no description>,Kaizu,1,1,False,False,"""panorama_draw_text_fast_path_text_shadow"" ""1""  // Forces text shadows through a hardware fast-path"
panorama_enable_secondary_layout_pass,0,true,developmentonly hidden defensive,<no description>,Kaizu,1,1,False,False,"""panorama_enable_secondary_layout_pass"" ""0""     // Skips the secondary CSS layout check (drastically reduces UI calculation time)"
panorama_hsbc_through_fast_path,1,true,developmentonly hidden defensive,<no description>,Kaizu,1,1,False,False,"""panorama_hsbc_through_fast_path"" ""1""           // Forces UI hue/saturation/brightness changes through a fast-path"
panorama_script_cache_enabled,1,true,developmentonly hidden defensive,Enable script caching to speed up recompiling scripts multiple times.,Kaizu,1,1,False,False,"""panorama_script_cache_enabled"" ""1""             // Aggressively caches UI Javascript to prevent mid-game recompilation"
panorama_use_backbuffer_directly,1,true,developmentonly hidden defensive,<no description>,Kaizu,1,1,False,False,"""panorama_use_backbuffer_directly"" ""1""          // Skips copying the UI buffer to memory and writes directly to the backbuffer"
phys_continuous_kinematic_update,0,1,developmentonly gamedll clientdll replicated defensive,<no description>,Kaizu,1,1,False,False,"""phys_continuous_kinematic_update"" ""0"""
r_flush_on_pooled_ib_resize,false,true,release,<no description>,Kaizu,1,1,False,False,"r_flush_on_pooled_ib_resize ""false"""
r_texture_nonstreaming_load,1,true,developmentonly defensive,"Allow immediately loading mips of textures (when possible) when their headers are loaded, saving IO & reducing latency.",Kaizu,1,1,False,False,"""r_texture_nonstreaming_load"" ""1"""
rtx_dynamic_blas_caching,false,true,developmentonly defensive,Cache dynamic BLAS if geometry has not changed,TestCfg,1,1,False,False,rtx_dynamic_blas_caching false
rtx_texture_resolution,64,512,"min: 64, max: 2048, developmentonly defensive",Sets the texture resolution the raytracer will mark to stream in,TestCfg,1,1,False,False,rtx_texture_resolution 64
sc_aggregate_gpu_occlusion_culling,1,true,developmentonly defensive,<no description>,Kaizu,1,1,False,False,"""sc_aggregate_gpu_occlusion_culling"" ""1"""
sc_aggregate_gpu_vis_culling,1,true,developmentonly defensive,<no description>,Kaizu,1,1,False,False,"""sc_aggregate_gpu_vis_culling"" ""1"""
sc_aggregate_indirect_draw_compaction_threshold,1,8,"min: 1, release",Threshold of indirect draws when we will do compaction,TestCfg,1,1,False,False,sc_aggregate_indirect_draw_compaction_threshold 1
sc_aggregate_rtproxy_instanced_geo,false,true,developmentonly cheat,<no description>,TestCfg,1,1,False,False,sc_aggregate_rtproxy_instanced_geo false
sc_aggregate_rtproxy_unique_geo,false,true,developmentonly cheat,<no description>,TestCfg,1,1,False,False,sc_aggregate_rtproxy_unique_geo false
sc_allow_dynamic_constant_batching,1,true,developmentonly defensive,<no description>,Kaizu,1,1,False,False,"""sc_allow_dynamic_constant_batching"" ""1"""
sc_allow_precomputed_vismembers,1,true,developmentonly defensive,<no description>,Kaizu,1,1,False,False,"""sc_allow_precomputed_vismembers"" ""1"""
sc_barnlight_enable_precomputed_vis,1,true,developmentonly defensive,Enable use of precomputed vis membership for lights (requires map restart),Kaizu,1,1,False,False,"""sc_barnlight_enable_precomputed_vis"" ""1"""
sc_disable_culling_boxes,1,false,cheat,<no description>,Kaizu,1,1,False,False,"""sc_disable_culling_boxes"" ""1""       // Skips calculating bounding boxes for culling"
sc_force_single_display_list_per_layer,1,false,developmentonly defensive,<no description>,Kaizu,1,1,False,False,"""sc_force_single_display_list_per_layer"" ""1"""
snd_disable_mixer_duck,1,false,cheat,<no description>,Kaizu,1,1,False,False,"""snd_disable_mixer_duck"" ""1"""
vismon_trace_limit,0,12,gamedll cheat,<no description>,TestCfg,1,1,False,False,vismon_trace_limit 0
panorama_worldpanel_update_culling,true,false,developmentonly clientdll defensive,<no description>,"Sqooky,SqookyBase,TestCfg",0,3,False,False,"//panorama_worldpanel_update_culling              ""true""        // Messes with health bar rendering. it is weird.   [def: ""false""]"
r_pipeline_stats_flush_before_sleeping,true,false,developmentonly defensive,Experimental: Set to 1 to enable GPU pipeline flushes right before the render thread sleeps to wait for more work.,"Sqooky,SqookyBase,TestCfg",0,3,False,False,//r_pipeline_stats_flush_before_sleeping true
sc_aggregate_show_outside_vis,true,false,developmentonly,<no description>,"Sqooky,SqookyBase,TestCfg",0,3,False,False,"//sc_aggregate_show_outside_vis                   ""true""        //this makes the entire map stop rendering          [def: ""false""]"
fs_async_threads,"17,8",-1,developmentonly defensive,Number of IO threads in async filesystem (-1 == auto),"Boot,Kaizu",0,2,False,False,"// fs_async_threads                          ""8"""
lb_enable_envmaps,0,true,developmentonly cheat menubar_item,SceneSystem/LightBinner/Enable EnvMaps,"Boot,Kaizu",0,2,False,False,"// lb_enable_envmaps                         ""0""             // Gives fps but fucks up lighting"
r_dopixelvisibility,false,true,cheat,<no description>,"Boot,Kaizu",0,2,False,False,"// r_dopixelvisibility                       ""false""         // Default true, enables or disables pixel visibility calculations"
panorama_disable_draw_text_shadow,1,false,developmentonly hidden defensive,<no description>,Kaizu,0,1,False,False,"//""panorama_disable_draw_text_shadow"" ""1"""
panorama_min_comp_layer_cache_cost,256,4096,developmentonly hidden defensive,<no description>,Kaizu,0,1,False,False,"//""panorama_min_comp_layer_cache_cost"" ""256"""
r_extra_render_frames,1,0,cheat,<no description>,TestCfg,0,1,False,False,"//r_extra_render_frames                     ""1""             // Setting this to anything above 0 causes issues with latency. negative values cause the game to crash. [def: ""0""]"
r_indirectlighting,false,true,cheat,Set to use indirect lighting,Kaizu,0,1,False,False,"//""r_indirectlighting"" ""false"""
r_skip_precache_validation_check,true,false,developmentonly defensive,<no description>,TestCfg,0,1,False,False,//r_skip_precache_validation_check true
sc_disable_world_materials,1,false,cheat,<no description>,Kaizu,0,1,False,False,"//""sc_disable_world_materials"" ""1""     // Turns the entire map gray (strips all materials from the world)"
sc_skip_traversal,true,false,cheat,<no description>,TestCfg,0,1,False,False,//sc_skip_traversal true
sc_throw_away_all_layers,true,false,developmentonly defensive,<no description>,TestCfg,0,1,False,False,//sc_throw_away_all_layers true
sc_aggregate_gpu_culling_conservative_bounds,"false,true",false,developmentonly,<no description>,"Sqooky,SqookyBase,TestCfg",5,5,True,False,"sc_aggregate_gpu_culling_conservative_bounds    ""true"""
skeleton_instance_lod_optimization,"1,false",false,developmentonly gamedll clientdll replicated,"Compute LOD mask internally like since 2016, i.e. force all LOD groups' bones to compute","Boot,Kaizu,Sqooky,SqookyBase,TestCfg",4,5,True,False,"skeleton_instance_lod_optimization          ""false""         // Compute LOD mask internally like since 2016, i.e. force all LOD groups' bones to compute [def: ""false""]"
r_citadel_gpu_culling_two_pass,"0,true",true,developmentonly clientdll menubar_item defensive,Citadel/Graphics/GPU Culling (Two Pass),"Kaizu,Sqooky,SqookyBase,TestCfg",4,4,True,False,"r_citadel_gpu_culling_two_pass                  ""true"""
r_citadel_gpu_culling,true,true,developmentonly clientdll menubar_item defensive,Citadel/Graphics/GPU Culling,"Sqooky,SqookyBase,TestCfg",3,3,True,False,"r_citadel_gpu_culling                           ""true"""
minimap_update_rate_hz,30,30,gamedll release,<no description>,Kaizu,1,1,True,False,"""minimap_update_rate_hz"" ""30"""
r_flashlightambient,0,0,clientdll cheat,<no description>,Kaizu,1,1,True,False,"""r_flashlightambient"" ""0""            // Disables ambient lighting math on flashlights/muzzle flashes"
r_flashlightconstant,0,0,clientdll replicated cheat,<no description>,Kaizu,1,1,True,False,"""r_flashlightconstant"" ""0""           // Disables constant lighting math"
sc_aggregate_gpu_culling,true,true,developmentonly defensive,Toggles GPU culling of aggregate meshes,Kaizu,1,1,True,False,"""sc_aggregate_gpu_culling"" ""true"""
sc_instanced_mesh_gpu_culling,true,true,developmentonly defensive,Toggles GPU culling of instanced meshes,Kaizu,1,1,True,False,"""sc_instanced_mesh_gpu_culling"" ""true"""
engine_allow_multiple_simulates_per_frame,false,false,developmentonly defensive,"When the client is catching up in low frame rate situations, should we run client simulate more than once a frame?","Boot,Kaizu",0,2,True,False,"// engine_allow_multiple_simulates_per_frame ""false""         // Default false, not sure about this one so dont change it"
sc_disable_procedural_layer_rendering,"false,true",false,cheat,<no description>,"Kaizu,TestCfg",0,2,True,False,"//""sc_disable_procedural_layer_rendering"" ""true"""
panorama_allow_texture_composition_layer_fast_path,true,true,developmentonly hidden defensive,<no description>,TestCfg,0,1,True,False,//panorama_allow_texture_composition_layer_fast_path true
sc_aggregate_debug_draw_meshlets,-1,0,developmentonly menubar_item,SceneSystem/Aggregates/Visualize Meshlets,"Sqooky,SqookyBase",2,2,False,True,"sc_aggregate_debug_draw_meshlets                ""-1"""
sc_aggregate_debug_draw_meshlets_bounds,true,false,developmentonly,Visualize meshlet bounds and cone axis. Mesh shader only.,"Sqooky,SqookyBase",2,2,False,True,"sc_aggregate_debug_draw_meshlets_bounds         ""true"""
sparseshadowtree_disable_add_layers,1,false,developmentonly,"Disable SST runtime layers, for debugging (will exclude geo that CAN render into SST if SST otherwise enabled)",Kaizu,1,1,False,True,"""sparseshadowtree_disable_add_layers"" ""1""        // Completely breaks Sparse Shadow Tree layering"
